temperature,control,nastaw_t
22.13025982763591,0.0,58.0
22.13025982763591,100.0,58.0
22.083506231377946,100.0,58.0
22.13025982763591,100.0,58.0
21.989999038862003,100.0,58.0
21.989999038862003,100.0,58.0
22.13025982763591,100.0,58.0
22.177013423893882,100.0,58.0
22.177013423893882,100.0,58.0
22.364027808925762,100.0,58.0
22.831563771505458,100.0,58.0
23.205592541569217,100.0,58.0
24.047157274212665,100.0,58.0
24.421186044276418,100.0,58.0
24.935475603114085,100.0,58.0
25.73028673949957,100.0,58.0
26.10431550956332,100.0,58.0
26.80561945343286,100.0,58.0
27.553676993560373,100.0,58.0
28.20822734117194,100.0,58.0
28.816024092525545,100.0,58.0
29.517328036395085,100.0,58.0
30.31213917278056,100.0,58.0
31.01344311665011,100.0,58.0
31.621239868003713,100.0,58.0
32.04202223432544,100.0,58.0
32.696572581937005,100.0,58.0
33.91216608464422,92.0,58.0
34.332948450965944,100.0,58.0
35.12775958735142,97.0,58.0
35.501788357415165,100.0,58.0
36.810889052638316,92.0,58.0
37.138164226444104,100.0,58.0
38.16674334411944,94.0,58.0
39.00830807676289,98.0,58.0
39.75636561689039,100.0,58.0
40.41091596450197,99.0,58.0
41.39274148591933,97.0,58.0
42.000538237272934,100.0,58.0
42.748595777400425,98.0,58.0
43.96418928010765,92.0,58.0
44.71224682023515,97.0,58.0
44.805754012751095,100.0,58.0
45.6940723416525,96.0,58.0
46.76940505558581,93.0,58.0
47.65772338448723,94.0,58.0
48.26552013584083,97.0,58.0
48.77980969467849,98.0,58.0
49.20059206100022,99.0,58.0
49.761635216095854,98.0,58.0
50.50969275622336,96.0,58.0
51.35125748886682,93.0,58.0
52.37983660654214,89.0,58.0
52.987633357895746,92.0,58.0
53.64218370550731,90.0,58.0
54.67076282318263,84.0,58.0
55.0447915932464,89.0,58.0
55.60583474834203,86.0,58.0
56.49415307724345,80.0,58.0
56.44739948098548,89.0,58.0
56.96168903982314,83.0,58.0
57.52273219491879,80.0,58.0
58.13052894627238,78.0,58.0
58.691572101368024,76.0,58.0
59.299368852721614,73.0,58.0
59.39287604523756,77.0,58.0
60.234440777881005,66.0,58.0
60.51496235542882,69.0,58.0
61.1695127030404,63.0,58.0
61.68380226187806,61.0,58.0
61.917570243167916,62.0,58.0
62.38510620574759,57.0,58.0
62.525366994521505,58.0,58.0
63.413685323422925,47.0,58.0
63.927974882260585,47.0,58.0
64.11498926729246,47.0,58.0
64.76953961490405,39.0,58.0
64.44226444109826,47.0,58.0
65.09681478870982,34.0,58.0
65.00330759619388,39.0,58.0
65.00330759619388,37.0,58.0
65.47084355877358,29.0,58.0
65.79811873257937,27.0,58.0
65.61110434754748,30.0,58.0
65.56435075128951,27.0,58.0
65.61110434754748,24.0,58.0
66.2189010989011,15.0,58.0
66.2189010989011,18.0,58.0
66.17214750264313,17.0,58.0
66.2189010989011,13.0,58.0
66.359161887675,10.0,58.0
66.2189010989011,11.0,58.0
66.82669785025469,0.0,58.0
66.82669785025469,5.0,58.0
66.63968346522282,5.0,58.0
66.82669785025469,0.0,58.0
66.68643706148077,2.0,58.0
66.73319065773875,0.0,58.0
66.9669586390286,0.0,58.0
66.63968346522282,2.0,58.0
66.45266908019094,0.0,58.0
66.68643706148077,0.0,58.0
66.87345144651266,0.0,58.0
66.63968346522282,0.0,58.0
66.63968346522282,0.0,58.0
66.59292986896484,0.0,58.0
66.63968346522282,0.0,58.0
66.68643706148077,0.0,58.0
66.59292986896484,0.0,58.0
66.73319065773875,0.0,58.0
66.40591548393297,1.0,58.0
66.59292986896484,0.0,58.0
66.40591548393297,0.0,58.0
66.45266908019094,0.0,58.0
66.45266908019094,0.0,58.0
66.49942267644892,0.0,58.0
66.59292986896484,0.0,58.0
66.82669785025469,0.0,58.0
66.49942267644892,0.0,58.0
66.40591548393297,0.0,58.0
66.31240829141703,0.0,58.0
66.59292986896484,0.0,58.0
66.2189010989011,0.0,58.0
66.68643706148077,0.0,58.0
66.45266908019094,0.0,58.0
65.89162592509531,3.0,58.0
66.12539390638516,0.0,58.0
65.98513311761124,0.0,58.0
66.2189010989011,0.0,58.0
66.26565469515907,0.0,58.0
66.2189010989011,0.0,58.0
66.03188671386921,0.0,58.0
66.2189010989011,0.0,58.0
66.03188671386921,0.0,58.0
65.93837952135328,0.0,58.0
65.89162592509531,0.0,58.0
65.65785794380545,0.0,58.0
65.79811873257937,0.0,58.0
65.47084355877358,0.0,58.0
65.7513651363214,0.0,58.0
65.33058276999967,0.0,58.0
65.61110434754748,0.0,58.0
65.47084355877358,0.0,58.0
65.33058276999967,0.0,58.0
65.2838291737417,0.0,58.0
65.33058276999967,0.0,58.0
65.37733636625764,0.0,58.0
65.23707557748372,0.0,58.0
65.42408996251561,0.0,58.0
64.90980040367795,2.0,58.0
65.23707557748372,0.0,58.0
65.1435683849678,0.0,58.0
65.09681478870982,0.0,58.0
64.6760324223881,0.0,58.0
64.90980040367795,0.0,58.0
64.95655399993592,0.0,58.0
64.53577163361419,0.0,58.0
64.6760324223881,0.0,58.0
64.81629321116202,0.0,58.0
64.76953961490405,0.0,58.0
64.58252522987216,0.0,58.0
64.25525005606637,0.0,58.0
64.6760324223881,0.0,58.0
64.39551084484029,0.0,58.0
64.58252522987216,0.0,58.0
64.39551084484029,0.0,58.0
64.30200365232434,0.0,58.0
64.02148207477653,0.0,58.0
64.25525005606637,0.0,58.0
64.34875724858232,0.0,58.0
63.881221286002614,1.0,58.0
63.97472847851856,0.0,58.0
63.78771409348667,0.0,58.0
64.02148207477653,0.0,58.0
63.74096049722871,0.0,58.0
63.50719251593887,0.0,58.0
63.69420690097074,0.0,58.0
63.4604389196809,0.0,58.0
63.36693172716497,0.0,58.0
63.83446768974464,0.0,58.0
63.881221286002614,0.0,58.0
63.320178130906996,2.0,58.0
63.553946112196826,0.0,58.0
63.36693172716497,0.0,58.0
63.13316374587511,0.0,58.0
63.273424534649024,0.0,58.0
63.22667093839105,0.0,58.0
63.273424534649024,0.0,58.0
63.08641014961714,0.0,58.0
63.17991734213308,0.0,58.0
62.80588857206932,1.0,58.0
62.85264216832729,0.0,58.0
62.71238137955338,0.0,58.0
63.03965655335918,0.0,58.0
62.85264216832729,0.0,58.0
62.75913497581135,0.0,58.0
62.80588857206932,0.0,58.0
62.61887418703745,0.0,58.0
62.57212059077948,0.0,58.0
62.899395764585265,0.0,58.0
62.29159901323166,4.0,58.0
62.47861339826353,0.0,58.0
62.57212059077948,0.0,58.0
62.47861339826353,0.0,58.0
62.19809182071572,0.0,58.0
62.57212059077948,0.0,58.0
62.0578310319418,2.0,58.0
62.43185980200556,0.0,58.0
62.38510620574759,0.0,58.0
61.96432383942587,1.0,58.0
61.96432383942587,0.0,58.0
62.0578310319418,0.0,58.0
61.73055585813603,0.0,58.0
61.73055585813603,0.0,58.0
62.01107743568383,0.0,58.0
61.68380226187806,0.0,58.0
61.73055585813603,0.0,58.0
61.96432383942587,0.0,58.0
61.777309454394,0.0,58.0
61.40328068433024,1.0,58.0
61.216266299298354,0.0,58.0
61.3097734918143,0.0,58.0
61.3097734918143,0.0,58.0
61.35652708807227,0.0,58.0
60.79548393297664,5.0,58.0
61.1695127030404,0.0,58.0
61.216266299298354,0.0,58.0
60.79548393297664,3.0,58.0
61.122759106782425,0.0,58.0
61.3097734918143,0.0,58.0
61.35652708807227,0.0,58.0
60.51496235542882,7.0,58.0
61.07600551052445,0.0,58.0
60.98249831800851,0.0,58.0
60.60846954794475,1.0,58.0
61.1695127030404,0.0,58.0
60.42145516291289,5.0,58.0
60.98249831800851,0.0,58.0
60.65522314420272,0.0,58.0
60.748730336718666,0.0,58.0
60.37470156665492,1.0,58.0
60.094179989107104,1.0,58.0
60.32794797039695,0.0,58.0
60.234440777881005,0.0,58.0
60.42145516291289,0.0,58.0
60.51496235542882,0.0,58.0
60.234440777881005,0.0,58.0
59.7669048153013,3.0,58.0
60.51496235542882,0.0,58.0
60.28119437413898,0.0,58.0
60.37470156665492,0.0,58.0
59.90716560407522,2.0,58.0
59.7669048153013,0.0,58.0
60.140933585365076,0.0,58.0
59.486383237753486,5.0,58.0
59.439629641495515,0.0,58.0
59.486383237753486,0.0,58.0
59.57989043026943,0.0,58.0
59.486383237753486,0.0,58.0
59.7669048153013,0.0,58.0
59.39287604523756,3.0,58.0
59.813658411559274,0.0,58.0
59.20586166020567,5.0,58.0
59.299368852721614,0.0,58.0
59.439629641495515,0.0,58.0
59.1591080639477,2.0,58.0
59.439629641495515,0.0,58.0
59.299368852721614,0.0,58.0
59.065600871431755,2.0,58.0
59.065600871431755,0.0,58.0
59.11235446768973,0.0,58.0
59.1591080639477,0.0,58.0
59.065600871431755,0.0,58.0
58.691572101368024,4.0,58.0
59.11235446768973,0.0,58.0
59.11235446768973,0.0,58.0
58.831832890141925,2.0,58.0
58.411050523820194,5.0,58.0
58.411050523820194,1.0,58.0
58.36429692756222,2.0,58.0
58.831832890141925,0.0,58.0
58.411050523820194,5.0,58.0
58.411050523820194,1.0,58.0
58.36429692756222,1.0,58.0
58.411050523820194,0.0,58.0
58.411050523820194,0.0,58.0
58.27078973504629,2.0,58.0
58.411050523820194,0.0,58.0
57.99026815749846,6.0,58.0
58.27078973504629,0.0,58.0
58.27078973504629,1.0,58.0
58.31754333130425,0.0,58.0
58.31754333130425,1.0,58.0
58.457804120078166,0.0,58.0
58.411050523820194,0.0,58.0
57.662992983692675,10.0,58.0
58.22403613878832,0.0,58.0
58.13052894627238,2.0,58.0
57.56948579117673,8.0,58.0
57.429225002402845,5.0,58.0
57.85000736872456,0.0,58.0
58.037021753756434,0.0,58.0
57.56948579117673,8.0,58.0
57.80325377246659,1.0,58.0
57.662992983692675,5.0,58.0
57.6162393874347,4.0,58.0
57.6162393874347,4.0,58.0
57.662992983692675,3.0,58.0
57.6162393874347,4.0,58.0
57.24221061737097,9.0,58.0
57.195457021113,6.0,58.0
57.3357178098869,4.0,58.0
57.3357178098869,6.0,58.0
57.28896421362893,7.0,58.0
56.96168903982314,11.0,58.0
56.96168903982314,8.0,58.0
57.47597859866082,1.0,58.0
57.195457021113,10.0,58.0
56.634413866017354,15.0,58.0
56.58766026975938,11.0,58.0
57.008442636081114,5.0,58.0
56.49415307724345,16.0,58.0
56.49415307724345,12.0,58.0
56.7279210585333,9.0,58.0
56.96168903982314,8.0,58.0
56.634413866017354,15.0,58.0
56.54090667350141,14.0,58.0
56.44739948098548,14.0,58.0
56.91493544356517,8.0,58.0
56.12012430717968,23.0,58.0
56.16687790343765,15.0,58.0
56.82142825104924,8.0,58.0
56.7279210585333,15.0,58.0
56.260385095953595,21.0,58.0
56.260385095953595,17.0,58.0
56.16687790343765,19.0,58.0
56.35389228846954,16.0,58.0
56.260385095953595,19.0,58.0
56.07337071092172,21.0,58.0
56.40064588472751,16.0,58.0
56.260385095953595,21.0,58.0
56.16687790343765,21.0,58.0
56.02661711466375,23.0,58.0
56.21363149969562,20.0,58.0
56.307138692211566,21.0,58.0
55.79284913337392,29.0,58.0
55.74609553711595,25.0,58.0
56.21363149969562,19.0,58.0
55.652588344600005,31.0,58.0
56.35389228846954,18.0,58.0
56.260385095953595,26.0,58.0
56.260385095953595,25.0,58.0
56.35389228846954,25.0,58.0
55.97986351840579,31.0,58.0
56.02661711466375,27.0,58.0
55.69934194085798,32.0,58.0
56.35389228846954,22.0,58.0
55.88635632588985,34.0,58.0
56.35389228846954,24.0,58.0
56.07337071092172,32.0,58.0
56.21363149969562,29.0,58.0
55.93310992214782,34.0,58.0
55.69934194085798,35.0,58.0
55.93310992214782,30.0,58.0
56.35389228846954,28.0,58.0
55.69934194085798,40.0,58.0
55.88635632588985,33.0,58.0
56.307138692211566,29.0,58.0
55.93310992214782,38.0,58.0
56.16687790343765,33.0,58.0
55.79284913337392,40.0,58.0
56.02661711466375,34.0,58.0
56.40064588472751,32.0,58.0
56.54090667350141,34.0,58.0
56.58766026975938,35.0,58.0
56.12012430717968,42.0,58.0
56.16687790343765,37.0,58.0
56.260385095953595,37.0,58.0
56.634413866017354,34.0,58.0
56.260385095953595,42.0,58.0
56.21363149969562,40.0,58.0
56.307138692211566,39.0,58.0
56.44739948098548,38.0,58.0
56.77467465479127,36.0,58.0
56.681167462275326,40.0,58.0
56.7279210585333,39.0,58.0
57.055196232339085,35.0,58.0
56.40064588472751,47.0,58.0
56.49415307724345,40.0,58.0
56.96168903982314,36.0,58.0
57.28896421362893,36.0,58.0
57.008442636081114,43.0,58.0
57.055196232339085,40.0,58.0
57.3357178098869,37.0,58.0
56.634413866017354,49.0,58.0
56.96168903982314,38.0,58.0
56.8681818473072,43.0,58.0
57.3357178098869,36.0,58.0
57.38247140614487,40.0,58.0
57.195457021113,43.0,58.0
57.52273219491879,37.0,58.0
57.943514561240505,35.0,58.0
57.38247140614487,46.0,58.0
57.6162393874347,38.0,58.0
57.56948579117673,41.0,58.0
58.037021753756434,34.0,58.0
57.429225002402845,46.0,58.0
57.70974657995065,38.0,58.0
57.85000736872456,38.0,58.0
57.943514561240505,38.0,58.0
57.75650017620862,42.0,58.0
57.89676096498253,38.0,58.0
58.691572101368024,29.0,58.0
58.457804120078166,39.0,58.0
58.59806490885208,35.0,58.0
58.92534008265787,32.0,58.0
58.92534008265787,35.0,58.0
58.831832890141925,36.0,58.0
59.01884727517378,32.0,58.0
59.065600871431755,33.0,58.0
58.92534008265787,35.0,58.0
59.39287604523756,27.0,58.0
58.97209367891584,37.0,58.0
59.01884727517378,32.0,58.0
59.39287604523756,27.0,58.0
58.78507929388395,38.0,58.0
59.53313683401146,23.0,58.0
59.57989043026943,29.0,58.0
58.92534008265787,37.0,58.0
58.8785864863999,24.0,56.0
59.20586166020567,18.0,56.0
58.97209367891584,23.0,56.0
59.20586166020567,17.0,56.0
59.57989043026943,14.0,56.0
59.346122448979585,19.0,56.0
59.57989043026943,13.0,56.0
60.04742639284913,8.0,56.0
59.39287604523756,20.0,56.0
59.720151219043345,9.0,56.0
59.6266440265274,12.0,56.0
59.439629641495515,13.0,56.0
59.860412007817246,5.0,56.0
59.7669048153013,9.0,56.0
59.439629641495515,11.0,56.0
59.67339762278537,4.0,56.0
59.813658411559274,4.0,56.0
59.53313683401146,8.0,56.0
60.04742639284913,0.0,56.0
59.6266440265274,8.0,56.0
59.20586166020567,8.0,56.0
59.813658411559274,0.0,56.0
59.90716560407522,0.0,56.0
59.486383237753486,5.0,56.0
59.25261525646364,4.0,56.0
59.720151219043345,0.0,56.0
59.20586166020567,6.0,56.0
59.1591080639477,1.0,56.0
58.97209367891584,2.0,56.0
59.439629641495515,0.0,56.0
59.7669048153013,0.0,56.0
59.01884727517378,6.0,56.0
58.78507929388395,2.0,56.0
59.346122448979585,0.0,56.0
58.92534008265787,2.0,56.0
59.25261525646364,0.0,56.0
59.20586166020567,0.0,56.0
59.065600871431755,0.0,56.0
59.346122448979585,0.0,56.0
59.20586166020567,0.0,56.0
58.55131131259411,5.0,56.0
58.831832890141925,0.0,56.0
59.01884727517378,0.0,56.0
58.8785864863999,0.0,56.0
58.411050523820194,3.0,56.0
58.691572101368024,0.0,56.0
58.92534008265787,0.0,56.0
58.59806490885208,0.0,56.0
58.97209367891584,0.0,56.0
58.831832890141925,0.0,56.0
58.97209367891584,0.0,56.0
58.97209367891584,0.0,56.0
58.97209367891584,0.0,56.0
57.943514561240505,9.0,56.0
57.943514561240505,0.0,56.0
58.037021753756434,0.0,56.0
58.78507929388395,0.0,56.0
58.691572101368024,0.0,56.0
58.831832890141925,0.0,56.0
58.73832569762598,0.0,56.0
58.411050523820194,0.0,56.0
58.27078973504629,0.0,56.0
57.6162393874347,5.0,56.0
58.50455771633614,0.0,56.0
58.50455771633614,0.0,56.0
57.47597859866082,9.0,56.0
58.17728254253035,0.0,56.0
58.17728254253035,0.0,56.0
57.89676096498253,0.0,56.0
57.28896421362893,5.0,56.0
57.56948579117673,0.0,56.0
57.47597859866082,0.0,56.0
57.52273219491879,0.0,56.0
58.17728254253035,0.0,56.0
57.3357178098869,7.0,56.0
57.52273219491879,0.0,56.0
57.008442636081114,5.0,56.0
57.52273219491879,0.0,56.0
57.47597859866082,0.0,56.0
57.10194982859706,3.0,56.0
57.89676096498253,0.0,56.0
57.38247140614487,3.0,56.0
57.85000736872456,0.0,56.0
57.055196232339085,6.0,56.0
56.96168903982314,0.0,56.0
57.6162393874347,0.0,56.0
57.56948579117673,0.0,56.0
57.28896421362893,0.0,56.0
56.96168903982314,2.0,56.0
56.91493544356517,0.0,56.0
57.055196232339085,0.0,56.0
57.429225002402845,0.0,56.0
56.82142825104924,5.0,56.0
56.634413866017354,1.0,56.0
56.54090667350141,1.0,56.0
56.96168903982314,0.0,56.0
56.307138692211566,6.0,56.0
56.58766026975938,0.0,56.0
56.8681818473072,0.0,56.0
56.307138692211566,6.0,56.0
56.58766026975938,0.0,56.0
57.008442636081114,0.0,56.0
55.97986351840579,11.0,56.0
56.82142825104924,0.0,56.0
56.35389228846954,4.0,56.0
56.12012430717968,3.0,56.0
56.77467465479127,0.0,56.0
56.21363149969562,6.0,56.0
56.44739948098548,0.0,56.0
56.02661711466375,5.0,56.0
56.7279210585333,0.0,56.0
55.69934194085798,12.0,56.0
55.69934194085798,3.0,56.0
55.74609553711595,2.0,56.0
55.79284913337392,2.0,56.0
55.51232755582609,6.0,56.0
55.46557395956812,4.0,56.0
56.44739948098548,0.0,56.0
55.69934194085798,10.0,56.0
55.97986351840579,0.0,56.0
56.307138692211566,0.0,56.0
55.652588344600005,9.0,56.0
55.231805978278274,9.0,56.0
56.07337071092172,0.0,56.0
55.0447915932464,15.0,56.0
55.88635632588985,0.0,56.0
55.51232755582609,8.0,56.0
56.02661711466375,0.0,56.0
55.1850523820203,14.0,56.0
56.307138692211566,0.0,56.0
56.02661711466375,5.0,56.0
55.231805978278274,13.0,56.0
54.95128440073046,10.0,56.0
54.53050203440874,13.0,56.0
55.93310992214782,0.0,56.0
55.652588344600005,8.0,56.0
55.79284913337392,3.0,56.0
54.76427001569857,18.0,56.0
54.4369948418928,13.0,56.0
54.99803799698843,4.0,56.0
55.41882036331015,4.0,56.0
55.46557395956812,7.0,56.0
54.5772556306667,19.0,56.0
54.10971966808701,17.0,56.0
54.15647326434498,13.0,56.0
54.48374843815077,10.0,56.0
54.10971966808701,18.0,56.0
55.74609553711595,0.0,56.0
54.4369948418928,25.0,56.0
53.875951686797166,21.0,56.0
54.5772556306667,8.0,56.0
54.34348764937687,17.0,56.0
54.390241245634826,15.0,56.0
53.829198090539194,23.0,56.0
55.09154518950436,3.0,56.0
55.13829878576233,13.0,56.0
55.46557395956812,10.0,56.0
54.2967340531189,28.0,56.0
54.99803799698843,9.0,56.0
54.7175164194406,19.0,56.0
53.92270528305514,27.0,56.0
54.99803799698843,7.0,56.0
55.278559574536246,13.0,56.0
55.32531317079422,15.0,56.0
54.99803799698843,20.0,56.0
53.64218370550731,35.0,56.0
54.857777208214515,8.0,56.0
53.875951686797166,31.0,56.0
53.92270528305514,23.0,56.0
53.969458879313095,23.0,56.0
54.5772556306667,16.0,56.0
55.231805978278274,13.0,56.0
53.455169320475434,42.0,56.0
54.06296607182904,19.0,56.0
54.2967340531189,22.0,56.0
54.249980456860925,25.0,56.0
53.455169320475434,36.0,56.0
54.016212475571066,22.0,56.0
53.455169320475434,35.0,56.0
54.5772556306667,16.0,56.0
54.06296607182904,33.0,56.0
55.09154518950436,16.0,56.0
54.06296607182904,38.0,56.0
55.0447915932464,17.0,56.0
54.62400922692467,31.0,56.0
55.37206676705219,18.0,56.0
54.99803799698843,30.0,56.0
54.06296607182904,39.0,56.0
53.59543010924935,37.0,56.0
55.37206676705219,11.0,56.0
54.15647326434498,42.0,56.0
54.10971966808701,33.0,56.0
53.64218370550731,39.0,56.0
54.76427001569857,21.0,56.0
54.390241245634826,36.0,56.0
55.278559574536246,21.0,56.0
55.32531317079422,29.0,56.0
55.32531317079422,30.0,56.0
55.278559574536246,30.0,56.0
54.904530804472486,35.0,56.0
54.81102361195654,33.0,56.0
54.016212475571066,43.0,56.0
54.390241245634826,31.0,56.0
53.875951686797166,42.0,56.0
55.13829878576233,21.0,56.0
54.06296607182904,47.0,56.0
54.95128440073046,26.0,56.0
55.74609553711595,24.0,56.0
55.69934194085798,32.0,56.0
55.79284913337392,30.0,56.0
55.278559574536246,38.0,56.0
55.93310992214782,25.0,56.0
54.857777208214515,45.0,56.0
55.69934194085798,25.0,56.0
54.95128440073046,42.0,56.0
55.32531317079422,31.0,56.0
56.02661711466375,25.0,56.0
55.79284913337392,34.0,56.0
55.652588344600005,34.0,56.0
56.16687790343765,26.0,56.0
55.32531317079422,42.0,56.0
55.74609553711595,29.0,56.0
55.55908115208406,35.0,56.0
55.09154518950436,40.0,56.0
56.07337071092172,23.0,56.0
55.83960272963188,35.0,56.0
56.54090667350141,24.0,56.0
55.83960272963188,39.0,56.0
55.74609553711595,34.0,56.0
56.35389228846954,25.0,56.0
56.77467465479127,25.0,56.0
55.79284913337392,41.0,56.0
56.07337071092172,29.0,56.0
56.8681818473072,21.0,56.0
56.91493544356517,28.0,56.0
55.69934194085798,44.0,56.0
56.260385095953595,25.0,56.0
57.14870342485503,19.0,56.0
56.96168903982314,29.0,56.0
56.16687790343765,37.0,56.0
57.055196232339085,19.0,56.0
56.16687790343765,38.0,56.0
57.24221061737097,16.0,56.0
55.93310992214782,42.0,56.0
56.44739948098548,24.0,56.0
56.07337071092172,33.0,56.0
55.97986351840579,31.0,56.0
56.681167462275326,21.0,56.0
55.93310992214782,37.0,56.0
56.35389228846954,25.0,56.0
56.7279210585333,24.0,56.0
56.54090667350141,29.0,56.0
56.02661711466375,34.0,56.0
57.56948579117673,9.0,56.0
56.02661711466375,43.0,56.0
57.28896421362893,13.0,56.0
56.91493544356517,28.0,56.0
56.44739948098548,31.0,56.0
56.58766026975938,25.0,56.0
56.21363149969562,31.0,56.0
56.307138692211566,26.0,56.0
57.943514561240505,6.0,56.0
57.47597859866082,26.0,56.0
56.77467465479127,30.0,56.0
57.429225002402845,15.0,56.0
57.3357178098869,22.0,56.0
56.307138692211566,34.0,56.0
57.89676096498253,4.0,56.0
56.681167462275326,34.0,56.0
56.307138692211566,28.0,56.0
56.7279210585333,19.0,56.0
57.80325377246659,8.0,56.0
57.195457021113,26.0,56.0
57.38247140614487,17.0,56.0
56.82142825104924,26.0,56.0
56.681167462275326,22.0,56.0
58.083775350014406,3.0,56.0
56.82142825104924,31.0,56.0
56.8681818473072,19.0,56.0
57.70974657995065,8.0,56.0
57.56948579117673,17.0,56.0
57.662992983692675,14.0,56.0
56.96168903982314,24.0,56.0
57.70974657995065,8.0,56.0
56.91493544356517,24.0,56.0
56.91493544356517,17.0,56.0
56.82142825104924,18.0,56.0
57.85000736872456,4.0,56.0
57.47597859866082,17.0,56.0
56.44739948098548,27.0,56.0
57.52273219491879,3.0,56.0
58.31754333130425,2.0,56.0
58.22403613878832,10.0,56.0
57.47597859866082,18.0,56.0
57.429225002402845,12.0,56.0
58.17728254253035,1.0,56.0
57.10194982859706,22.0,56.0
56.634413866017354,18.0,56.0
57.85000736872456,0.0,56.0
58.037021753756434,6.0,56.0
57.10194982859706,19.0,56.0
57.47597859866082,6.0,56.0
57.008442636081114,15.0,56.0
57.52273219491879,4.0,56.0
57.89676096498253,3.0,56.0
56.634413866017354,22.0,56.0
57.47597859866082,0.0,56.0
56.82142825104924,16.0,56.0
57.99026815749846,0.0,56.0
56.260385095953595,28.0,56.0
57.943514561240505,0.0,56.0
57.28896421362893,14.0,56.0
56.91493544356517,12.0,56.0
57.195457021113,5.0,56.0
56.58766026975938,15.0,56.0
57.429225002402845,0.0,56.0
56.54090667350141,18.0,56.0
56.96168903982314,4.0,56.0
57.008442636081114,7.0,56.0
57.10194982859706,6.0,56.0
57.10194982859706,7.0,56.0
56.8681818473072,9.0,56.0
56.58766026975938,11.0,56.0
57.47597859866082,0.0,56.0
57.662992983692675,2.0,56.0
56.681167462275326,16.0,56.0
57.52273219491879,0.0,56.0
57.10194982859706,9.0,56.0
56.7279210585333,10.0,56.0
56.44739948098548,10.0,56.0
56.82142825104924,3.0,56.0
56.91493544356517,5.0,56.0
55.79284913337392,20.0,56.0
56.681167462275326,0.0,56.0
55.97986351840579,15.0,56.0
55.79284913337392,11.0,56.0
56.02661711466375,7.0,56.0
56.7279210585333,0.0,56.0
55.97986351840579,16.0,56.0
57.055196232339085,0.0,56.0
56.58766026975938,11.0,56.0
56.35389228846954,9.0,56.0
55.97986351840579,12.0,56.0
57.008442636081114,0.0,56.0
56.49415307724345,11.0,56.0
55.32531317079422,22.0,56.0
55.652588344600005,7.0,56.0
56.49415307724345,0.0,56.0
55.97986351840579,13.0,56.0
56.260385095953595,5.0,56.0
56.40064588472751,6.0,56.0
56.82142825104924,2.0,56.0
55.93310992214782,17.0,56.0
55.51232755582609,14.0,56.0
56.7279210585333,0.0,56.0
56.40064588472751,10.0,56.0
56.681167462275326,3.0,56.0
56.35389228846954,10.0,56.0
56.40064588472751,6.0,56.0
56.35389228846954,7.0,56.0
56.07337071092172,10.0,56.0
56.54090667350141,2.0,56.0
55.93310992214782,14.0,56.0
56.40064588472751,2.0,56.0
55.69934194085798,15.0,56.0
56.02661711466375,5.0,56.0
55.0447915932464,20.0,56.0
54.95128440073046,13.0,56.0
55.88635632588985,0.0,56.0
54.7175164194406,24.0,56.0
54.904530804472486,11.0,56.0
55.55908115208406,5.0,56.0
55.32531317079422,14.0,56.0
55.0447915932464,16.0,56.0
56.12012430717968,0.0,56.0
54.857777208214515,25.0,56.0
54.857777208214515,14.0,56.0
54.390241245634826,21.0,56.0
55.46557395956812,3.0,56.0
55.41882036331015,13.0,56.0
55.46557395956812,13.0,56.0
55.51232755582609,12.0,56.0
54.390241245634826,28.0,56.0
54.81102361195654,12.0,56.0
55.88635632588985,3.0,56.0
55.83960272963188,13.0,56.0
54.95128440073046,24.0,56.0
55.37206676705219,11.0,56.0
54.5772556306667,25.0,56.0
54.4369948418928,20.0,56.0
54.5772556306667,17.0,56.0
55.13829878576233,12.0,56.0
55.13829878576233,17.0,56.0
54.5772556306667,25.0,56.0
53.969458879313095,28.0,56.0
54.2967340531189,19.0,56.0
54.76427001569857,16.0,56.0
54.904530804472486,19.0,56.0
55.231805978278274,16.0,56.0
53.969458879313095,35.0,56.0
54.016212475571066,24.0,56.0
54.4369948418928,20.0,56.0
53.875951686797166,31.0,56.0
54.81102361195654,14.0,56.0
55.13829878576233,19.0,56.0
54.7175164194406,27.0,56.0
54.2967340531189,29.0,56.0
54.20322686060295,27.0,56.0
54.904530804472486,18.0,56.0
54.7175164194406,27.0,56.0
55.32531317079422,18.0,56.0
55.09154518950436,26.0,56.0
55.13829878576233,24.0,56.0
54.53050203440874,32.0,56.0
53.969458879313095,35.0,56.0
55.09154518950436,16.0,56.0
55.32531317079422,23.0,56.0
55.1850523820203,27.0,56.0
54.5772556306667,34.0,56.0
55.278559574536246,20.0,56.0
55.55908115208406,22.0,56.0
55.32531317079422,28.0,56.0
54.67076282318263,35.0,56.0
55.09154518950436,24.0,56.0
55.13829878576233,27.0,56.0
53.969458879313095,43.0,56.0
54.2967340531189,29.0,56.0
54.904530804472486,24.0,56.0
55.1850523820203,26.0,56.0
54.48374843815077,38.0,56.0
55.79284913337392,15.0,56.0
55.32531317079422,33.0,56.0
55.13829878576233,31.0,56.0
55.41882036331015,26.0,56.0
54.95128440073046,35.0,56.0
55.1850523820203,28.0,56.0
54.81102361195654,31.0,55.0
55.278559574536246,22.0,55.0
55.46557395956812,24.0,55.0
55.278559574536246,28.0,55.0
55.13829878576233,28.0,55.0
54.62400922692467,33.0,55.0
55.69934194085798,15.0,55.0
55.37206676705219,28.0,55.0
55.97986351840579,17.0,55.0
55.97986351840579,23.0,55.0
56.02661711466375,22.0,55.0
54.48374843815077,42.0,55.0
55.69934194085798,12.0,55.0
54.62400922692467,37.0,55.0
56.02661711466375,9.0,55.0
55.652588344600005,26.0,55.0
55.69934194085798,22.0,55.0
55.60583474834203,24.0,55.0
54.62400922692467,35.0,55.0
55.79284913337392,12.0,55.0
55.83960272963188,21.0,55.0
55.1850523820203,30.0,55.0
55.13829878576233,25.0,55.0
55.278559574536246,22.0,55.0
56.12012430717968,13.0,55.0
55.93310992214782,22.0,55.0
56.307138692211566,16.0,55.0
55.83960272963188,25.0,55.0
56.260385095953595,15.0,55.0
55.69934194085798,26.0,55.0
55.37206676705219,25.0,55.0
56.260385095953595,10.0,55.0
56.12012430717968,19.0,55.0
55.79284913337392,22.0,55.0
55.37206676705219,24.0,55.0
55.37206676705219,21.0,55.0
56.12012430717968,11.0,55.0
56.35389228846954,14.0,55.0
56.40064588472751,15.0,55.0
56.02661711466375,20.0,55.0
55.97986351840579,17.0,55.0
56.35389228846954,12.0,55.0
55.278559574536246,29.0,55.0
55.46557395956812,17.0,55.0
55.97986351840579,11.0,55.0
55.1850523820203,26.0,55.0
56.21363149969562,6.0,55.0
55.41882036331015,25.0,55.0
55.0447915932464,22.0,55.0
55.278559574536246,16.0,55.0
55.32531317079422,17.0,55.0
54.857777208214515,24.0,55.0
55.231805978278274,15.0,55.0
55.97986351840579,8.0,55.0
55.231805978278274,25.0,55.0
55.55908115208406,14.0,55.0
55.13829878576233,22.0,55.0
55.41882036331015,14.0,55.0
55.88635632588985,11.0,55.0
55.60583474834203,18.0,55.0
54.857777208214515,25.0,55.0
56.02661711466375,4.0,55.0
56.16687790343765,12.0,55.0
55.83960272963188,17.0,55.0
55.69934194085798,16.0,55.0
55.09154518950436,22.0,55.0
54.7175164194406,22.0,55.0
55.46557395956812,9.0,55.0
55.97986351840579,9.0,55.0
55.60583474834203,18.0,55.0
55.0447915932464,21.0,55.0
55.60583474834203,9.0,55.0
55.55908115208406,15.0,55.0
55.09154518950436,20.0,55.0
56.12012430717968,3.0,55.0
55.79284913337392,16.0,55.0
55.0447915932464,22.0,55.0
56.02661711466375,3.0,55.0
56.07337071092172,11.0,55.0
55.0447915932464,24.0,55.0
54.81102361195654,18.0,55.0
55.74609553711595,4.0,55.0
54.81102361195654,24.0,55.0
54.53050203440874,20.0,55.0
55.55908115208406,4.0,55.0
55.13829878576233,18.0,55.0
55.32531317079422,12.0,55.0
54.95128440073046,19.0,55.0
55.37206676705219,10.0,55.0
55.51232755582609,12.0,55.0
55.37206676705219,15.0,55.0
55.41882036331015,13.0,55.0
55.55908115208406,11.0,55.0
55.13829878576233,18.0,55.0
54.904530804472486,17.0,55.0
55.41882036331015,8.0,55.0
54.34348764937687,27.0,55.0
54.904530804472486,10.0,55.0
55.09154518950436,12.0,55.0
54.34348764937687,24.0,55.0
54.53050203440874,15.0,55.0
55.55908115208406,3.0,55.0
55.41882036331015,14.0,55.0
54.67076282318263,23.0,55.0
55.231805978278274,9.0,55.0
54.857777208214515,18.0,55.0
55.231805978278274,10.0,55.0
54.20322686060295,27.0,55.0
54.99803799698843,8.0,55.0
55.60583474834203,7.0,55.0
54.81102361195654,22.0,55.0
54.4369948418928,20.0,55.0
55.13829878576233,8.0,55.0
55.09154518950436,15.0,55.0
55.32531317079422,11.0,55.0
55.37206676705219,13.0,55.0
54.7175164194406,22.0,55.0
54.4369948418928,19.0,55.0
54.4369948418928,17.0,55.0
54.857777208214515,12.0,55.0
54.016212475571066,26.0,55.0
55.231805978278274,3.0,55.0
54.5772556306667,23.0,55.0
54.7175164194406,15.0,55.0
54.390241245634826,21.0,55.0
53.875951686797166,25.0,55.0
54.20322686060295,16.0,55.0
54.249980456860925,19.0,55.0
54.76427001569857,12.0,55.0
54.2967340531189,23.0,55.0
55.278559574536246,7.0,55.0
54.48374843815077,26.0,55.0
53.78244449428122,28.0,55.0
54.62400922692467,11.0,55.0
53.829198090539194,29.0,55.0
54.76427001569857,10.0,55.0
54.857777208214515,17.0,55.0
54.7175164194406,20.0,55.0
54.48374843815077,22.0,55.0
53.92270528305514,27.0,55.0
53.829198090539194,23.0,55.0
53.829198090539194,23.0,55.0
54.81102361195654,10.0,55.0
54.904530804472486,18.0,55.0
54.76427001569857,21.0,55.0
54.7175164194406,20.0,55.0
54.67076282318263,20.0,55.0
54.62400922692467,21.0,55.0
53.875951686797166,30.0,55.0
53.73569089802325,25.0,55.0
54.4369948418928,15.0,55.0
53.73569089802325,31.0,55.0
53.875951686797166,23.0,55.0
54.76427001569857,13.0,55.0
54.2967340531189,27.0,55.0
55.1850523820203,12.0,55.0
53.68893730176528,39.0,55.0
54.34348764937687,17.0,55.0
54.81102361195654,17.0,55.0
54.62400922692467,24.0,55.0
54.62400922692467,22.0,55.0
54.48374843815077,24.0,55.0
55.13829878576233,15.0,55.0
54.7175164194406,26.0,55.0
54.4369948418928,26.0,55.0
55.13829878576233,15.0,55.0
53.875951686797166,37.0,55.0
55.231805978278274,9.0,55.0
54.62400922692467,29.0,55.0
54.7175164194406,22.0,55.0
54.76427001569857,22.0,55.0
54.10971966808701,31.0,55.0
54.20322686060295,24.0,55.0
55.1850523820203,13.0,55.0
55.0447915932464,23.0,55.0
54.76427001569857,26.0,55.0
55.0447915932464,20.0,55.0
54.34348764937687,31.0,55.0
54.67076282318263,21.0,55.0
54.016212475571066,32.0,55.0
54.249980456860925,24.0,55.0
54.95128440073046,17.0,55.0
53.875951686797166,37.0,55.0
55.32531317079422,9.0,55.0
55.09154518950436,25.0,55.0
54.016212475571066,37.0,55.0
54.81102361195654,17.0,55.0
54.857777208214515,24.0,55.0
54.2967340531189,31.0,55.0
53.92270528305514,31.0,55.0
55.32531317079422,10.0,55.0
54.10971966808701,38.0,55.0
54.016212475571066,29.0,55.0
54.99803799698843,16.0,55.0
55.278559574536246,21.0,55.0
55.0447915932464,26.0,55.0
54.62400922692467,30.0,55.0
54.62400922692467,26.0,55.0
54.48374843815077,28.0,55.0
54.15647326434498,31.0,55.0
55.231805978278274,14.0,55.0
55.1850523820203,24.0,55.0
55.51232755582609,20.0,55.0
54.62400922692467,34.0,55.0
54.76427001569857,24.0,55.0
54.5772556306667,28.0,55.0
54.95128440073046,22.0,55.0
55.231805978278274,21.0,55.0
55.1850523820203,24.0,55.0
54.62400922692467,31.0,55.0
55.69934194085798,12.0,55.0
55.0447915932464,30.0,55.0
55.09154518950436,24.0,55.0
54.76427001569857,29.0,55.0
54.5772556306667,28.0,55.0
54.2967340531189,30.0,55.0
54.81102361195654,21.0,55.0
54.857777208214515,25.0,55.0
55.55908115208406,17.0,55.0
55.652588344600005,21.0,55.0
55.09154518950436,29.0,55.0
55.0447915932464,25.0,55.0
54.81102361195654,28.0,55.0
54.76427001569857,26.0,55.0
55.46557395956812,17.0,55.0
55.41882036331015,23.0,55.0
54.53050203440874,34.0,55.0
55.652588344600005,12.0,55.0
54.62400922692467,35.0,55.0
55.55908115208406,14.0,55.0
55.13829878576233,28.0,55.0
55.09154518950436,25.0,55.0
54.67076282318263,30.0,55.0
55.09154518950436,20.0,55.0
55.09154518950436,24.0,55.0
55.46557395956812,19.0,55.0
54.62400922692467,33.0,55.0
55.652588344600005,13.0,55.0
54.81102361195654,33.0,55.0
56.02661711466375,9.0,55.0
55.278559574536246,30.0,55.0
55.69934194085798,17.0,55.0
55.41882036331015,25.0,55.0
54.81102361195654,30.0,55.0
55.55908115208406,15.0,55.0
55.1850523820203,26.0,55.0
55.55908115208406,18.0,55.0
54.81102361195654,31.0,55.0
54.904530804472486,23.0,55.0
55.231805978278274,20.0,55.0
55.652588344600005,17.0,55.0
55.09154518950436,28.0,55.0
55.13829878576233,22.0,55.0
55.46557395956812,18.0,55.0
55.278559574536246,24.0,55.0
55.32531317079422,21.0,55.0
56.02661711466375,13.0,55.0
56.21363149969562,16.0,55.0
56.21363149969562,18.0,55.0
55.41882036331015,27.0,55.0
55.83960272963188,15.0,55.0
55.79284913337392,19.0,55.0
54.95128440073046,29.0,55.0
56.260385095953595,5.0,55.0
55.83960272963188,22.0,55.0
55.32531317079422,24.0,55.0
55.93310992214782,12.0,55.0
55.231805978278274,26.0,55.0
55.79284913337392,12.0,55.0
54.857777208214515,29.0,55.0
55.652588344600005,11.0,55.0
55.09154518950436,25.0,55.0
55.37206676705219,16.0,55.0
55.97986351840579,11.0,55.0
55.83960272963188,18.0,55.0
55.79284913337392,17.0,55.0
55.13829878576233,25.0,55.0
56.02661711466375,7.0,55.0
55.74609553711595,19.0,55.0
55.652588344600005,17.0,55.0
55.0447915932464,24.0,55.0
55.1850523820203,17.0,55.0
56.16687790343765,5.0,55.0
55.1850523820203,26.0,55.0
55.278559574536246,16.0,55.0
54.95128440073046,21.0,55.0
55.69934194085798,9.0,55.0
55.231805978278274,21.0,55.0
55.13829878576233,18.0,55.0
56.12012430717968,5.0,55.0
55.46557395956812,22.0,55.0
55.13829878576233,20.0,55.0
54.81102361195654,21.0,55.0
55.41882036331015,11.0,55.0
54.99803799698843,21.0,55.0
55.652588344600005,9.0,55.0
54.81102361195654,26.0,55.0
55.278559574536246,12.0,55.0
55.69934194085798,11.0,55.0
55.74609553711595,14.0,55.0
55.652588344600005,15.0,55.0
55.60583474834203,15.0,55.0
55.13829878576233,20.0,55.0
55.55908115208406,11.0,55.0
55.09154518950436,20.0,55.0
55.32531317079422,13.0,55.0
55.60583474834203,11.0,55.0
55.93310992214782,10.0,55.0
55.09154518950436,23.0,55.0
55.46557395956812,11.0,55.0
55.69934194085798,11.0,55.0
55.32531317079422,18.0,55.0
55.41882036331015,13.0,55.0
55.46557395956812,13.0,55.0
55.41882036331015,14.0,55.0
54.95128440073046,20.0,55.0
55.51232755582609,8.0,55.0
54.81102361195654,22.0,55.0
55.652588344600005,5.0,55.0
54.62400922692467,26.0,55.0
55.37206676705219,7.0,55.0
55.41882036331015,13.0,55.0
54.48374843815077,25.0,55.0
54.99803799698843,10.0,55.0
55.278559574536246,11.0,55.0
54.4369948418928,25.0,55.0
54.390241245634826,18.0,55.0
54.67076282318263,14.0,55.0
55.32531317079422,8.0,55.0
54.34348764937687,27.0,55.0
54.2967340531189,19.0,55.0
55.46557395956812,3.0,55.0
55.41882036331015,14.0,55.0
54.95128440073046,20.0,55.0
54.53050203440874,21.0,55.0
54.95128440073046,12.0,55.0
54.390241245634826,23.0,55.0
55.0447915932464,10.0,55.0
54.81102361195654,19.0,55.0
54.15647326434498,25.0,55.0
54.53050203440874,14.0,55.0
54.15647326434498,23.0,55.0
55.1850523820203,6.0,55.0
54.5772556306667,23.0,55.0
54.4369948418928,20.0,55.0
54.99803799698843,11.0,55.0
55.13829878576233,15.0,55.0
54.857777208214515,20.0,55.0
54.4369948418928,22.0,55.0
54.48374843815077,18.0,55.0
55.231805978278274,9.0,55.0
54.95128440073046,19.0,55.0
54.4369948418928,24.0,55.0
54.34348764937687,20.0,55.0
54.95128440073046,12.0,55.0
54.34348764937687,25.0,55.0
53.969458879313095,25.0,55.0
54.34348764937687,17.0,55.0
54.390241245634826,20.0,55.0
54.390241245634826,20.0,55.0
54.016212475571066,25.0,55.0
54.016212475571066,22.0,55.0
55.1850523820203,7.0,55.0
54.390241245634826,28.0,55.0
54.06296607182904,25.0,55.0
54.857777208214515,12.0,55.0
53.92270528305514,32.0,55.0
53.875951686797166,24.0,55.0
54.857777208214515,11.0,55.0
53.875951686797166,33.0,55.0
54.81102361195654,12.0,55.0
54.249980456860925,28.0,55.0
54.2967340531189,22.0,55.0
54.34348764937687,22.0,55.0
55.13829878576233,13.0,55.0
55.1850523820203,19.0,55.0
54.20322686060295,32.0,55.0
54.4369948418928,21.0,55.0
55.0447915932464,15.0,55.0
54.53050203440874,27.0,55.0
54.81102361195654,19.0,55.0
54.99803799698843,19.0,55.0
54.2967340531189,30.0,55.0
54.390241245634826,23.0,55.0
55.1850523820203,13.0,55.0
55.0447915932464,22.0,55.0
54.390241245634826,29.0,55.0
54.2967340531189,25.0,55.0
53.969458879313095,28.0,55.0
54.390241245634826,20.0,55.0
54.2967340531189,25.0,55.0
54.390241245634826,24.0,55.0
54.15647326434498,28.0,55.0
54.62400922692467,20.0,55.0
54.4369948418928,26.0,55.0
54.7175164194406,21.0,55.0
55.0447915932464,20.0,55.0
54.95128440073046,24.0,55.0
54.06296607182904,34.0,55.0
55.0447915932464,14.0,55.0
54.20322686060295,34.0,55.0
54.81102361195654,18.0,55.0
54.857777208214515,23.0,55.0
54.904530804472486,23.0,55.0
54.904530804472486,24.0,55.0
54.5772556306667,28.0,55.0
54.95128440073046,20.0,55.0
54.904530804472486,24.0,55.0
54.904530804472486,24.0,55.0
54.4369948418928,30.0,55.0
55.41882036331015,13.0,55.0
54.904530804472486,28.0,55.0
55.09154518950436,21.0,55.0
54.99803799698843,24.0,55.0
55.278559574536246,20.0,55.0
54.20322686060295,36.0,55.0
55.13829878576233,15.0,55.0
54.53050203440874,31.0,55.0
55.13829878576233,18.0,55.0
54.5772556306667,30.0,55.0
54.99803799698843,20.0,55.0
54.53050203440874,30.0,55.0
55.13829878576233,18.0,55.0
55.46557395956812,19.0,55.0
54.62400922692467,33.0,55.0
54.62400922692467,25.0,55.0
55.278559574536246,17.0,55.0
54.7175164194406,30.0,55.0
54.904530804472486,23.0,55.0
55.60583474834203,19.0,56.0
55.37206676705219,29.0,56.0
54.904530804472486,33.0,56.0
55.41882036331015,22.0,56.0
55.0447915932464,32.0,56.0
55.60583474834203,21.0,56.0
55.278559574536246,31.0,56.0
54.62400922692467,37.0,56.0
54.5772556306667,32.0,56.0
54.48374843815077,33.0,56.0
54.76427001569857,29.0,56.0
54.81102361195654,31.0,56.0
54.53050203440874,35.0,56.0
55.0447915932464,27.0,56.0
55.79284913337392,22.0,56.0
55.09154518950436,38.0,56.0
55.32531317079422,28.0,56.0
55.74609553711595,25.0,56.0
55.60583474834203,31.0,56.0
55.97986351840579,25.0,56.0
55.88635632588985,30.0,56.0
55.231805978278274,37.0,56.0
54.81102361195654,37.0,56.0
54.76427001569857,34.0,56.0
54.857777208214515,33.0,56.0
56.02661711466375,19.0,56.0
54.95128440073046,43.0,56.0
55.93310992214782,21.0,56.0
55.60583474834203,34.0,56.0
56.21363149969562,23.0,56.0
55.83960272963188,34.0,56.0
56.02661711466375,28.0,56.0
55.37206676705219,38.0,56.0
55.13829878576233,35.0,56.0
55.79284913337392,25.0,56.0
55.13829878576233,39.0,56.0
56.40064588472751,17.0,56.0
55.41882036331015,41.0,56.0
55.55908115208406,31.0,56.0
56.260385095953595,23.0,56.0
56.260385095953595,29.0,56.0
55.79284913337392,35.0,56.0
56.21363149969562,26.0,56.0
56.7279210585333,23.0,56.0
56.7279210585333,27.0,56.0
56.35389228846954,32.0,56.0
56.40064588472751,28.0,56.0
55.55908115208406,39.0,56.0
56.307138692211566,22.0,56.0
56.49415307724345,26.0,56.0
56.49415307724345,28.0,56.0
56.49415307724345,28.0,56.0
57.008442636081114,21.0,56.0
56.58766026975938,31.0,56.0
55.93310992214782,35.0,56.0
55.88635632588985,30.0,56.0
55.74609553711595,31.0,56.0
56.681167462275326,18.0,56.0
56.681167462275326,26.0,56.0
55.97986351840579,35.0,56.0
56.77467465479127,19.0,56.0
56.58766026975938,28.0,56.0
56.96168903982314,21.0,56.0
56.82142825104924,26.0,56.0
56.44739948098548,30.0,56.0
56.82142825104924,21.0,56.0
56.8681818473072,24.0,56.0
57.3357178098869,18.0,56.0
56.260385095953595,36.0,56.0
56.634413866017354,21.0,56.0
56.54090667350141,26.0,56.0
56.8681818473072,20.0,56.0
57.008442636081114,21.0,56.0
57.38247140614487,17.0,56.0
56.49415307724345,32.0,56.0
56.260385095953595,27.0,56.0
56.634413866017354,20.0,56.0
56.58766026975938,24.0,56.0
57.3357178098869,13.0,56.0
56.58766026975938,29.0,56.0
57.008442636081114,17.0,56.0
57.24221061737097,18.0,56.0
57.10194982859706,21.0,56.0
57.429225002402845,15.0,56.0
56.54090667350141,29.0,56.0
56.35389228846954,24.0,56.0
57.14870342485503,12.0,56.0
57.429225002402845,15.0,56.0
56.44739948098548,30.0,56.0
57.52273219491879,7.0,56.0
56.681167462275326,27.0,56.0
56.82142825104924,18.0,56.0
56.54090667350141,22.0,56.0
56.35389228846954,22.0,56.0
57.38247140614487,7.0,56.0
57.52273219491879,14.0,56.0
57.10194982859706,20.0,56.0
56.54090667350141,23.0,56.0
56.49415307724345,19.0,56.0
57.14870342485503,10.0,56.0
56.40064588472751,25.0,56.0
56.8681818473072,12.0,56.0
56.82142825104924,17.0,56.0
56.77467465479127,17.0,56.0
56.40064588472751,21.0,56.0
56.49415307724345,16.0,56.0
56.681167462275326,15.0,56.0
56.634413866017354,17.0,56.0
57.14870342485503,10.0,56.0
57.055196232339085,15.0,56.0
57.28896421362893,11.0,56.0
56.82142825104924,19.0,56.0
57.195457021113,9.0,56.0
57.055196232339085,14.0,56.0
56.82142825104924,16.0,56.0
57.008442636081114,11.0,56.0
56.58766026975938,18.0,56.0
57.14870342485503,7.0,56.0
57.24221061737097,10.0,56.0
56.96168903982314,14.0,56.0
56.49415307724345,18.0,56.0
56.16687790343765,18.0,56.0
56.12012430717968,15.0,56.0
56.49415307724345,10.0,56.0
56.8681818473072,8.0,56.0
56.54090667350141,16.0,56.0
56.8681818473072,8.0,56.0
56.681167462275326,14.0,56.0
56.307138692211566,17.0,56.0
56.634413866017354,9.0,56.0
56.7279210585333,10.0,56.0
56.260385095953595,17.0,56.0
56.681167462275326,7.0,56.0
56.54090667350141,13.0,56.0
55.97986351840579,19.0,56.0
56.96168903982314,1.0,56.0
56.307138692211566,18.0,56.0
55.83960272963188,18.0,56.0
56.07337071092172,11.0,56.0
56.54090667350141,7.0,56.0
56.82142825104924,7.0,56.0
55.69934194085798,24.0,56.0
56.21363149969562,8.0,56.0
55.652588344600005,19.0,56.0
56.44739948098548,4.0,56.0
56.21363149969562,14.0,56.0
56.40064588472751,10.0,56.0
55.60583474834203,21.0,56.0
56.21363149969562,7.0,56.0
55.79284913337392,17.0,56.0
55.97986351840579,11.0,56.0
56.21363149969562,10.0,56.0
56.307138692211566,11.0,56.0
55.652588344600005,20.0,56.0
55.46557395956812,17.0,56.0
56.02661711466375,8.0,56.0
55.69934194085798,17.0,56.0
55.32531317079422,19.0,56.0
55.83960272963188,9.0,56.0
55.83960272963188,14.0,56.0
55.55908115208406,18.0,56.0
55.60583474834203,15.0,56.0
56.21363149969562,7.0,56.0
55.1850523820203,26.0,56.0
55.93310992214782,7.0,56.0
55.88635632588985,15.0,56.0
55.13829878576233,24.0,56.0
55.79284913337392,9.0,56.0
55.32531317079422,21.0,56.0
55.88635632588985,10.0,56.0
55.60583474834203,18.0,56.0
55.1850523820203,21.0,56.0
55.60583474834203,12.0,56.0
55.97986351840579,11.0,56.0
55.79284913337392,17.0,56.0
56.02661711466375,12.0,56.0
56.02661711466375,15.0,56.0
55.51232755582609,21.0,56.0
55.37206676705219,19.0,56.0
55.1850523820203,20.0,56.0
55.69934194085798,12.0,56.0
54.904530804472486,27.0,56.0
55.97986351840579,6.0,56.0
54.857777208214515,30.0,56.0
55.88635632588985,7.0,56.0
55.55908115208406,21.0,56.0
55.60583474834203,17.0,56.0
55.46557395956812,19.0,56.0
55.51232755582609,18.0,56.0
55.51232755582609,18.0,56.0
55.41882036331015,20.0,56.0
55.13829878576233,23.0,56.0
55.46557395956812,16.0,56.0
54.99803799698843,25.0,56.0
54.67076282318263,25.0,56.0
54.67076282318263,23.0,56.0
55.231805978278274,16.0,56.0
55.652588344600005,16.0,56.0
55.1850523820203,26.0,56.0
55.652588344600005,16.0,56.0
55.652588344600005,20.0,56.0
55.32531317079422,24.0,56.0
54.67076282318263,30.0,56.0
54.99803799698843,20.0,56.0
55.55908115208406,16.0,56.0
55.13829878576233,27.0,56.0
55.41882036331015,20.0,56.0
55.32531317079422,23.0,56.0
55.09154518950436,26.0,56.0
55.652588344600005,17.0,56.0
55.55908115208406,23.0,56.0
55.1850523820203,27.0,56.0
55.0447915932464,26.0,56.0
55.231805978278274,22.0,56.0
55.652588344600005,19.0,56.0
55.09154518950436,30.0,56.0
54.95128440073046,27.0,56.0
55.0447915932464,25.0,56.0
54.95128440073046,27.0,56.0
54.95128440073046,26.0,56.0
55.652588344600005,18.0,56.0
55.37206676705219,28.0,56.0
54.857777208214515,32.0,56.0
55.13829878576233,24.0,56.0
55.278559574536246,25.0,56.0
54.904530804472486,31.0,56.0
55.79284913337392,17.0,56.0
55.69934194085798,26.0,56.0
55.13829878576233,32.0,56.0
55.09154518950436,28.0,56.0
55.41882036331015,24.0,56.0
55.55908115208406,25.0,56.0
55.0447915932464,33.0,56.0
55.32531317079422,25.0,56.0
54.99803799698843,32.0,56.0
55.51232755582609,23.0,56.0
55.97986351840579,21.0,56.0
55.278559574536246,35.0,56.0
55.69934194085798,23.0,56.0
55.278559574536246,32.0,56.0
55.32531317079422,28.0,56.0
55.0447915932464,32.0,56.0
55.55908115208406,23.0,56.0
55.09154518950436,34.0,56.0
54.99803799698843,32.0,56.0
55.69934194085798,22.0,56.0
55.32531317079422,33.0,56.0
55.13829878576233,32.0,56.0
55.652588344600005,24.0,56.0
55.37206676705219,33.0,56.0
55.41882036331015,30.0,56.0
55.74609553711595,26.0,56.0
55.51232755582609,32.0,56.0
55.41882036331015,31.0,56.0
56.21363149969562,20.0,56.0
55.97986351840579,30.0,56.0
55.83960272963188,30.0,56.0
56.16687790343765,25.0,56.0
56.21363149969562,27.0,56.0
56.260385095953595,27.0,56.0
55.278559574536246,40.0,56.0
55.652588344600005,26.0,56.0
55.46557395956812,32.0,56.0
55.83960272963188,26.0,56.0
55.83960272963188,29.0,56.0
55.55908115208406,33.0,56.0
55.60583474834203,30.0,56.0
56.44739948098548,19.0,56.0
56.44739948098548,27.0,56.0
55.60583474834203,38.0,56.0
56.35389228846954,20.0,56.0
55.69934194085798,36.0,56.0
56.07337071092172,25.0,56.0
55.652588344600005,34.0,56.0
55.69934194085798,29.0,56.0
56.16687790343765,24.0,56.0
56.7279210585333,21.0,56.0
56.77467465479127,25.0,56.0
56.16687790343765,33.0,56.0
56.54090667350141,23.0,56.0
56.260385095953595,30.0,56.0
56.12012430717968,29.0,56.0
56.07337071092172,28.0,56.0
56.7279210585333,19.0,56.0
56.260385095953595,31.0,56.0
56.681167462275326,21.0,56.0
56.260385095953595,30.0,56.0
56.634413866017354,22.0,56.0
56.07337071092172,32.0,56.0
57.008442636081114,15.0,56.0
56.77467465479127,26.0,56.0
56.77467465479127,24.0,56.0
56.58766026975938,26.0,56.0
57.10194982859706,17.0,56.0
56.8681818473072,25.0,56.0
56.58766026975938,26.0,56.0
57.24221061737097,15.0,56.0
56.40064588472751,31.0,56.0
56.44739948098548,23.0,56.0
56.49415307724345,23.0,56.0
56.7279210585333,20.0,56.0
56.16687790343765,29.0,56.0
56.307138692211566,22.0,56.0
57.24221061737097,12.0,56.0
56.44739948098548,30.0,56.0
56.58766026975938,21.0,56.0
56.307138692211566,26.0,56.0
56.54090667350141,20.0,56.0
57.24221061737097,13.0,56.0
57.10194982859706,21.0,56.0
56.91493544356517,21.0,56.0
56.681167462275326,23.0,56.0
56.634413866017354,21.0,56.0
56.77467465479127,18.0,56.0
56.77467465479127,20.0,56.0
57.055196232339085,16.0,56.0
56.58766026975938,24.0,56.0
56.91493544356517,15.0,56.0
57.14870342485503,15.0,56.0
57.055196232339085,18.0,56.0
57.008442636081114,18.0,56.0
56.96168903982314,18.0,56.0
57.195457021113,14.0,56.0
56.681167462275326,22.0,56.0
56.681167462275326,17.0,56.0
56.8681818473072,15.0,56.0
56.82142825104924,17.0,56.0
56.260385095953595,24.0,56.0
56.96168903982314,9.0,56.0
56.91493544356517,16.0,56.0
56.307138692211566,23.0,56.0
56.634413866017354,13.0,56.0
57.14870342485503,10.0,56.0
56.260385095953595,25.0,56.0
56.49415307724345,14.0,56.0
56.96168903982314,10.0,56.0
56.260385095953595,23.0,56.0
57.14870342485503,5.0,56.0
56.681167462275326,19.0,56.0
56.12012430717968,22.0,56.0
56.82142825104924,8.0,56.0
56.77467465479127,15.0,56.0
56.49415307724345,18.0,56.0
56.8681818473072,10.0,56.0
56.35389228846954,20.0,56.0
56.77467465479127,10.0,56.0
56.260385095953595,20.0,56.0
56.07337071092172,18.0,56.0
56.91493544356517,5.0,56.0
56.681167462275326,15.0,56.0
56.12012430717968,20.0,56.0
56.91493544356517,5.0,56.0
56.58766026975938,16.0,56.0
55.97986351840579,21.0,56.0
56.77467465479127,5.0,56.0
55.97986351840579,23.0,56.0
56.21363149969562,12.0,56.0
56.16687790343765,15.0,56.0
56.54090667350141,10.0,56.0
56.35389228846954,15.0,56.0
55.93310992214782,19.0,56.0
56.12012430717968,13.0,56.0
55.79284913337392,19.0,56.0
56.307138692211566,9.0,56.0
56.40064588472751,13.0,56.0
56.07337071092172,17.0,56.0
55.74609553711595,19.0,56.0
56.307138692211566,9.0,56.0
56.12012430717968,16.0,56.0
55.83960272963188,18.0,56.0
56.44739948098548,8.0,56.0
56.40064588472751,14.0,56.0
56.260385095953595,15.0,56.0
55.69934194085798,21.0,56.0
56.54090667350141,5.0,56.0
55.97986351840579,20.0,56.0
55.55908115208406,20.0,56.0
55.83960272963188,13.0,56.0
56.16687790343765,11.0,56.0
56.16687790343765,14.0,56.0
55.652588344600005,21.0,56.0
55.79284913337392,14.0,56.0
55.88635632588985,14.0,56.0
55.51232755582609,20.0,56.0
56.35389228846954,6.0,56.0
56.35389228846954,13.0,56.0
55.97986351840579,18.0,56.0
56.307138692211566,11.0,56.0
56.02661711466375,17.0,56.0
55.88635632588985,16.0,56.0
56.02661711466375,13.0,56.0
55.88635632588985,16.0,56.0
55.32531317079422,22.0,56.0
55.83960272963188,11.0,56.0
55.278559574536246,23.0,56.0
55.93310992214782,9.0,56.0
55.51232755582609,21.0,56.0
56.12012430717968,9.0,56.0
55.37206676705219,24.0,56.0
55.74609553711595,13.0,56.0
55.37206676705219,21.0,56.0
55.83960272963188,12.0,56.0
55.37206676705219,22.0,56.0
55.93310992214782,11.0,56.0
55.09154518950436,27.0,56.0
55.09154518950436,20.0,56.0
55.09154518950436,20.0,56.0
55.652588344600005,13.0,56.0
55.1850523820203,24.0,56.0
55.69934194085798,13.0,56.0
55.278559574536246,23.0,56.0
55.69934194085798,14.0,56.0
55.652588344600005,19.0,56.0
55.69934194085798,18.0,56.0
55.32531317079422,23.0,56.0
55.79284913337392,14.0,56.0
55.278559574536246,25.0,56.0
55.55908115208406,17.0,56.0
55.55908115208406,20.0,56.0
55.46557395956812,21.0,56.0
55.51232755582609,20.0,56.0
55.46557395956812,21.0,56.0
55.37206676705219,22.0,56.0
55.46557395956812,20.0,56.0
55.69934194085798,18.0,56.0
55.69934194085798,20.0,56.0
55.51232755582609,22.0,56.0
55.69934194085798,18.0,56.0
55.0447915932464,29.0,56.0
55.0447915932464,23.0,56.0
54.99803799698843,24.0,56.0
55.652588344600005,15.0,56.0
54.904530804472486,31.0,56.0
55.74609553711595,14.0,56.0
55.09154518950436,30.0,56.0
55.46557395956812,19.0,56.0
55.60583474834203,21.0,56.0
54.857777208214515,32.0,56.0
55.46557395956812,18.0,56.0
55.13829878576233,27.0,56.0
55.41882036331015,21.0,56.0
54.857777208214515,31.0,56.0
55.231805978278274,0.0,44.0
55.41882036331015,0.0,44.0
55.37206676705219,0.0,44.0
55.37206676705219,0.0,44.0
55.231805978278274,0.0,44.0
54.904530804472486,0.0,44.0
55.69934194085798,0.0,44.0
55.41882036331015,0.0,44.0
55.278559574536246,0.0,44.0
54.857777208214515,0.0,44.0
55.51232755582609,0.0,44.0
55.37206676705219,0.0,44.0
55.60583474834203,0.0,44.0
55.55908115208406,0.0,44.0
55.0447915932464,0.0,44.0
54.99803799698843,0.0,44.0
54.7175164194406,0.0,44.0
55.231805978278274,0.0,44.0
54.99803799698843,0.0,44.0
55.13829878576233,0.0,44.0
54.81102361195654,0.0,44.0
54.76427001569857,0.0,44.0
54.99803799698843,0.0,44.0
54.95128440073046,0.0,44.0
54.857777208214515,0.0,44.0
54.390241245634826,0.0,44.0
54.95128440073046,0.0,44.0
54.62400922692467,0.0,44.0
54.2967340531189,0.0,44.0
54.34348764937687,0.0,44.0
54.5772556306667,0.0,44.0
54.81102361195654,0.0,44.0
54.67076282318263,0.0,44.0
54.15647326434498,0.0,44.0
54.95128440073046,0.0,44.0
54.2967340531189,0.0,44.0
54.2967340531189,0.0,44.0
54.53050203440874,0.0,44.0
54.76427001569857,0.0,44.0
54.53050203440874,0.0,44.0
54.76427001569857,0.0,44.0
54.10971966808701,0.0,44.0
54.016212475571066,0.0,44.0
54.06296607182904,0.0,44.0
54.34348764937687,0.0,44.0
54.06296607182904,0.0,44.0
54.06296607182904,0.0,44.0
53.969458879313095,0.0,44.0
54.15647326434498,0.0,44.0
53.64218370550731,0.0,44.0
53.64218370550731,0.0,44.0
54.20322686060295,0.0,44.0
53.969458879313095,0.0,44.0
54.249980456860925,0.0,44.0
53.59543010924935,0.0,44.0
53.92270528305514,0.0,44.0
53.40841572421746,0.0,44.0
53.68893730176528,0.0,44.0
54.10971966808701,0.0,44.0
53.54867651299138,0.0,44.0
54.06296607182904,0.0,44.0
53.64218370550731,0.0,44.0
53.969458879313095,0.0,44.0
53.92270528305514,0.0,44.0
53.829198090539194,0.0,44.0
53.221401339185576,0.0,44.0
52.987633357895746,0.0,44.0
53.26815493544355,0.0,44.0
53.64218370550731,0.0,44.0
53.59543010924935,0.0,44.0
53.26815493544355,0.0,44.0
53.64218370550731,0.0,44.0
53.081140550411675,0.0,44.0
52.80061897286387,0.0,44.0
53.0343869541537,0.0,44.0
52.89412616537982,0.0,44.0
52.613604587831986,0.0,44.0
52.70711178034793,0.0,44.0
53.17464774292762,0.0,44.0
52.473343799058085,0.0,44.0
52.70711178034793,0.0,44.0
52.66035818408996,0.0,44.0
52.66035818408996,0.0,44.0
53.12789414666965,0.0,44.0
52.70711178034793,0.0,44.0
52.847372569121845,0.0,44.0
52.89412616537982,0.0,44.0
52.192822221510255,0.0,44.0
52.33308301028417,0.0,44.0
52.192822221510255,0.0,44.0
52.7538653766059,0.0,44.0
52.1460686252523,0.0,44.0
52.1460686252523,0.0,44.0
52.566850991574015,0.0,44.0
52.37983660654214,0.0,44.0
52.33308301028417,0.0,44.0
52.33308301028417,0.0,44.0
52.099315028994326,0.0,44.0
52.70711178034793,0.0,44.0
52.426590202800114,0.0,44.0
52.099315028994326,0.0,44.0
52.23957581776823,0.0,44.0
52.192822221510255,0.0,44.0
52.052561432736354,0.0,44.0
52.566850991574015,0.0,44.0
52.1460686252523,0.0,44.0
52.426590202800114,0.0,44.0
52.052561432736354,0.0,44.0
51.772039855188524,0.0,44.0
52.23957581776823,0.0,44.0
51.95905424022041,0.0,44.0
51.818793451446496,0.0,44.0
51.30450389260885,0.0,44.0
51.444764681382765,0.0,44.0
52.099315028994326,0.0,44.0
51.58502547015665,0.0,44.0
51.49151827764072,0.0,44.0
51.49151827764072,0.0,44.0
51.49151827764072,0.0,44.0
51.35125748886682,0.0,44.0
51.35125748886682,0.0,44.0
51.30450389260885,0.0,44.0
50.93047512254509,0.0,44.0
51.210996700092906,0.0,44.0
51.538271873898694,0.0,44.0
50.97722871880306,0.0,44.0
51.210996700092906,0.0,44.0
51.58502547015665,0.0,44.0
51.678532662672595,0.0,44.0
51.02398231506103,0.0,44.0
51.210996700092906,0.0,44.0
51.164243103834934,0.0,44.0
51.25775029635088,0.0,44.0
51.39801108512479,0.0,44.0
50.83696793002915,0.0,44.0
50.696707141255246,0.0,44.0
51.11748950757696,0.0,44.0
51.164243103834934,0.0,44.0
51.11748950757696,0.0,44.0
50.6031999487393,0.0,44.0
51.210996700092906,0.0,44.0
50.369431967449444,2.0,44.0
50.83696793002915,0.0,44.0
50.696707141255246,0.0,44.0
50.55644635248133,0.0,44.0
50.55644635248133,0.0,44.0
50.83696793002915,0.0,44.0
50.46293915996539,0.0,44.0
50.275924774933515,0.0,44.0
50.97722871880306,0.0,44.0
50.88372152628712,0.0,44.0
50.275924774933515,0.0,44.0
50.46293915996539,0.0,44.0
50.50969275622336,0.0,44.0
50.790214333771175,0.0,44.0
50.55644635248133,0.0,44.0
50.790214333771175,0.0,44.0
50.416185563707415,0.0,44.0
50.22917117867554,0.0,44.0
49.808388812353826,0.0,44.0
49.90189600486977,0.0,44.0
50.369431967449444,0.0,44.0
50.369431967449444,0.0,44.0
50.32267837119147,0.0,44.0
49.90189600486977,0.0,44.0
49.99540319738571,0.0,44.0
49.94864960112774,0.0,44.0
49.94864960112774,0.0,44.0
49.52786723480601,0.0,44.0
49.71488161983788,0.0,44.0
49.66812802357991,0.0,44.0
49.808388812353826,0.0,44.0
49.66812802357991,0.0,44.0
49.57462083106398,0.0,44.0
50.22917117867554,0.0,44.0
49.90189600486977,0.0,44.0
49.90189600486977,0.0,44.0
49.808388812353826,0.0,44.0
49.387606446032095,0.0,44.0
49.808388812353826,0.0,44.0
49.29409925351615,0.0,44.0
49.434360042290066,0.0,44.0
49.57462083106398,0.0,44.0
49.66812802357991,0.0,44.0
49.247345657258194,0.0,44.0
49.29409925351615,0.0,44.0
49.34085284977412,0.0,44.0
49.57462083106398,0.0,44.0
49.434360042290066,0.0,44.0
49.48111363854804,0.0,44.0
49.48111363854804,0.0,44.0
49.06033127222631,0.0,44.0
49.10708486848428,0.0,44.0
49.15383846474225,0.0,44.0
48.82656329093646,0.0,44.0
48.73305609842052,0.0,44.0
49.62137442732194,0.0,44.0
48.96682407971036,2.0,44.0
48.92007048345239,0.0,44.0
48.82656329093646,0.0,44.0
49.10708486848428,0.0,44.0
49.247345657258194,0.0,44.0
48.77980969467849,0.0,44.0
48.73305609842052,0.0,44.0
48.49928811713069,0.0,44.0
48.92007048345239,0.0,44.0
48.639548905904576,0.0,44.0
49.20059206100022,0.0,44.0
49.013577675968335,0.0,44.0
48.405780924614746,2.0,44.0
48.359027328356774,0.0,44.0
48.639548905904576,0.0,44.0
48.45253452087272,0.0,44.0
48.359027328356774,0.0,44.0
48.73305609842052,0.0,44.0
49.013577675968335,0.0,44.0
48.82656329093646,0.0,44.0
48.82656329093646,0.0,44.0
48.07850575080896,4.0,44.0
48.54604171338866,0.0,44.0
48.359027328356774,0.0,44.0
47.984998558293015,0.0,44.0
48.45253452087272,0.0,44.0
48.26552013584083,0.0,44.0
48.73305609842052,0.0,44.0
48.639548905904576,0.0,44.0
48.26552013584083,0.0,44.0
48.639548905904576,0.0,44.0
48.031752154550986,1.0,44.0
47.984998558293015,0.0,44.0
48.12525934706693,0.0,44.0
48.031752154550986,0.0,44.0
47.89149136577707,0.0,44.0
48.3122737320988,0.0,44.0
47.610969788229255,3.0,44.0
47.610969788229255,0.0,44.0
48.21876653958286,0.0,44.0
47.75123057700317,0.0,44.0
47.51746259571331,0.0,44.0
47.8447377695191,0.0,44.0
47.8447377695191,0.0,44.0
48.12525934706693,0.0,44.0
47.56421619197128,1.0,44.0
47.610969788229255,0.0,44.0
47.33044821068144,0.0,44.0
47.28369461442347,0.0,44.0
47.56421619197128,0.0,44.0
47.56421619197128,0.0,44.0
47.65772338448723,0.0,44.0
47.42395540319737,0.0,44.0
47.37720180693941,0.0,44.0
47.33044821068144,0.0,44.0
47.51746259571331,0.0,44.0
47.65772338448723,0.0,44.0
47.28369461442347,0.0,44.0
47.610969788229255,0.0,44.0
47.33044821068144,0.0,44.0
47.56421619197128,0.0,44.0
47.28369461442347,0.0,44.0
47.610969788229255,0.0,44.0
47.236941018165496,0.0,44.0
47.47070899945534,0.0,44.0
47.14343382564955,0.0,44.0
47.236941018165496,0.0,44.0
46.76940505558581,2.0,44.0
46.81615865184378,0.0,44.0
47.04992663313362,0.0,44.0
46.81615865184378,0.0,44.0
46.86291224810175,0.0,44.0
47.33044821068144,0.0,44.0
47.236941018165496,0.0,44.0
46.722651459327835,2.0,44.0
47.09668022939158,0.0,44.0
46.722651459327835,0.0,44.0
46.67589786306988,0.0,44.0
46.44212988178002,0.0,44.0
46.67589786306988,0.0,44.0
46.629144266811906,0.0,44.0
46.722651459327835,0.0,44.0
47.14343382564955,0.0,44.0
47.04992663313362,0.0,44.0
47.236941018165496,0.0,44.0
47.14343382564955,0.0,44.0
46.67589786306988,1.0,44.0
46.86291224810175,0.0,44.0
46.44212988178002,0.0,44.0
46.44212988178002,0.0,44.0
46.67589786306988,0.0,44.0
46.722651459327835,0.0,44.0
46.39537628552205,0.0,44.0
46.30186909300612,0.0,44.0
46.1616083042322,0.0,44.0
46.53563707429596,0.0,44.0
46.39537628552205,0.0,44.0
46.39537628552205,0.0,44.0
46.76940505558581,0.0,44.0
45.92784032294236,6.0,44.0
46.30186909300612,0.0,44.0
45.92784032294236,1.0,44.0
46.39537628552205,0.0,44.0
46.06810111171626,0.0,44.0
46.02134751545829,0.0,44.0
46.629144266811906,0.0,44.0
46.39537628552205,0.0,44.0
46.11485470797423,0.0,44.0
45.74082593791047,1.0,44.0
45.6940723416525,0.0,44.0
46.208361900490175,0.0,44.0
45.64731874539453,3.0,44.0
45.974593919200316,0.0,44.0
46.39537628552205,0.0,44.0
46.30186909300612,0.0,44.0
45.6940723416525,3.0,44.0
45.553811552878614,0.0,44.0
45.974593919200316,0.0,44.0
45.974593919200316,0.0,44.0
46.1616083042322,0.0,44.0
45.74082593791047,0.0,44.0
45.553811552878614,0.0,44.0
45.6940723416525,0.0,44.0
45.787579534168444,0.0,44.0
45.60056514913657,0.0,44.0
45.974593919200316,0.0,44.0
45.50705795662064,1.0,44.0
45.46030436036267,0.0,44.0
45.88108672668439,0.0,44.0
45.787579534168444,0.0,44.0
46.06810111171626,0.0,44.0
45.226536379072826,5.0,44.0
45.74082593791047,0.0,44.0
45.6940723416525,0.0,44.0
46.02134751545829,0.0,44.0
45.50705795662064,1.0,44.0
45.787579534168444,0.0,44.0
45.320043571588755,1.0,44.0
45.13302918655688,0.0,44.0
45.320043571588755,0.0,44.0
44.99276839778297,1.0,44.0
45.46030436036267,0.0,44.0
45.320043571588755,0.0,44.0
45.320043571588755,0.0,44.0
45.13302918655688,0.0,44.0
45.4135507641047,0.0,44.0
45.553811552878614,0.0,44.0
45.179782782814854,0.0,44.0
45.320043571588755,0.0,44.0
44.805754012751095,3.0,44.0
44.89926120526704,0.0,44.0
44.71224682023515,0.0,44.0
45.27328997533078,0.0,44.0
45.226536379072826,0.0,44.0
44.852507609009066,1.0,44.0
44.805754012751095,0.0,44.0
45.46030436036267,0.0,44.0
45.08627559029891,0.0,44.0
45.179782782814854,0.0,44.0
44.805754012751095,1.0,44.0
44.71224682023515,0.0,44.0
44.89926120526704,0.0,44.0
44.525232435203264,2.0,44.0
44.66549322397718,0.0,44.0
45.13302918655688,0.0,44.0
44.89926120526704,0.0,44.0
44.571986031461236,1.0,44.0
44.29146445391342,2.0,44.0
44.24471085765545,0.0,44.0
44.24471085765545,0.0,44.0
44.805754012751095,0.0,44.0
44.805754012751095,0.0,44.0
44.24471085765545,4.0,44.0
44.47847883894531,0.0,44.0
44.61873962771921,0.0,44.0
44.89926120526704,0.0,44.0
44.431725242687335,3.0,44.0
44.24471085765545,1.0,44.0
44.89926120526704,0.0,44.0
44.15120366513952,6.0,44.0
44.38497164642936,0.0,44.0
44.852507609009066,0.0,44.0
44.10445006888155,6.0,44.0
44.805754012751095,0.0,44.0
44.47847883894531,1.0,44.0
44.47847883894531,0.0,44.0
44.525232435203264,0.0,44.0
44.10445006888155,3.0,44.0
44.47847883894531,0.0,44.0
44.33821805017139,0.0,44.0
44.33821805017139,0.0,44.0
44.10445006888155,2.0,44.0
44.19795726139748,0.0,44.0
43.7304212988178,5.0,44.0
43.82392849133373,0.0,44.0
44.24471085765545,0.0,44.0
43.8706820875917,4.0,44.0
44.47847883894531,0.0,44.0
44.33821805017139,0.0,44.0
44.01094287636562,3.0,44.0
44.10445006888155,0.0,44.0
43.777174895075774,4.0,44.0
43.777174895075774,1.0,44.0
44.01094287636562,0.0,44.0
43.777174895075774,3.0,44.0
43.82392849133373,0.0,44.0
43.8706820875917,0.0,44.0
43.82392849133373,1.0,44.0
43.777174895075774,2.0,44.0
43.543406913785915,4.0,44.0
44.19795726139748,0.0,44.0
43.30963893249607,11.0,44.0
44.057696472623576,0.0,44.0
43.917435683849675,2.0,44.0
43.30963893249607,9.0,44.0
43.496653317527944,1.0,44.0
43.449899721269986,4.0,44.0
43.449899721269986,3.0,44.0
43.68366770255983,0.0,44.0
43.96418928010765,0.0,44.0
44.01094287636562,1.0,44.0
43.496653317527944,8.0,44.0
43.917435683849675,0.0,44.0
43.449899721269986,8.0,44.0
43.496653317527944,3.0,44.0
43.777174895075774,0.0,44.0
43.59016051004389,5.0,44.0
43.543406913785915,4.0,44.0
43.403146125012015,6.0,44.0
42.93561016243231,11.0,44.0
43.59016051004389,0.0,44.0
43.777174895075774,2.0,44.0
43.07587095120621,12.0,44.0
43.63691410630186,0.0,44.0
43.122624547464184,11.0,44.0
43.07587095120621,7.0,44.0
43.63691410630186,0.0,44.0
43.21613173998013,10.0,44.0
43.59016051004389,2.0,44.0
42.7953493736584,15.0,44.0
43.35639252875404,1.0,44.0
43.21613173998013,8.0,44.0
43.403146125012015,5.0,44.0
43.543406913785915,5.0,44.0
42.98236375869028,13.0,44.0
42.655088584884496,13.0,44.0
43.403146125012015,1.0,44.0
43.2628853362381,9.0,44.0
43.496653317527944,5.0,44.0
42.561581392368566,20.0,44.0
42.93561016243231,7.0,44.0
43.029117354948255,9.0,44.0
43.169378143722156,8.0,44.0
43.35639252875404,7.0,44.0
42.655088584884496,18.0,44.0
43.169378143722156,6.0,44.0
42.88885656617434,14.0,44.0
42.7953493736584,13.0,44.0
42.93561016243231,39.0,51.0
42.7953493736584,44.0,51.0
42.655088584884496,47.0,51.0
43.35639252875404,39.0,51.0
42.7953493736584,54.0,51.0
42.655088584884496,53.0,51.0
43.029117354948255,49.0,51.0
43.029117354948255,54.0,51.0
42.748595777400425,60.0,51.0
42.748595777400425,60.0,51.0
42.7953493736584,61.0,51.0
42.93561016243231,62.0,51.0
42.7953493736584,67.0,51.0
43.169378143722156,63.0,51.0
43.496653317527944,64.0,51.0
43.496653317527944,69.0,51.0
43.777174895075774,68.0,51.0
43.917435683849675,70.0,51.0
44.19795726139748,70.0,51.0
44.89926120526704,65.0,51.0
44.805754012751095,74.0,51.0
45.226536379072826,69.0,51.0
45.08627559029891,76.0,51.0
45.03952199404094,77.0,51.0
45.50705795662064,72.0,51.0
45.36679716784673,80.0,51.0
46.06810111171626,71.0,51.0
46.48888347803799,73.0,51.0
46.956419440617694,72.0,51.0
47.47070899945534,70.0,51.0
48.12525934706693,67.0,51.0
48.54604171338866,69.0,51.0
48.45253452087272,74.0,51.0
48.45253452087272,74.0,51.0
49.387606446032095,63.0,51.0
48.87331688719442,78.0,51.0
49.99540319738571,59.0,51.0
49.90189600486977,71.0,51.0
50.88372152628712,58.0,51.0
51.11748950757696,63.0,51.0
51.07073591131899,66.0,51.0
51.39801108512479,61.0,51.0
52.52009739531604,50.0,51.0
52.52009739531604,59.0,51.0
52.23957581776823,63.0,51.0
52.89412616537982,51.0,51.0
53.221401339185576,52.0,51.0
53.829198090539194,47.0,51.0
53.64218370550731,54.0,51.0
54.48374843815077,41.0,51.0
54.48374843815077,47.0,51.0
54.5772556306667,45.0,51.0
54.48374843815077,46.0,51.0
54.67076282318263,42.0,51.0
54.7175164194406,42.0,51.0
55.51232755582609,32.0,51.0
55.97986351840579,31.0,51.0
55.97986351840579,34.0,51.0
56.35389228846954,28.0,51.0
56.7279210585333,25.0,51.0
56.49415307724345,30.0,51.0
56.44739948098548,27.0,51.0
56.12012430717968,30.0,51.0
56.634413866017354,19.0,51.0
57.24221061737097,14.0,51.0
57.38247140614487,16.0,51.0
56.681167462275326,25.0,51.0
57.10194982859706,12.0,51.0
56.8681818473072,17.0,51.0
56.96168903982314,12.0,51.0
57.6162393874347,3.0,51.0
57.24221061737097,12.0,51.0
57.80325377246659,0.0,51.0
57.89676096498253,3.0,51.0
57.99026815749846,1.0,51.0
57.3357178098869,9.0,51.0
57.75650017620862,0.0,51.0
57.38247140614487,4.0,51.0
57.70974657995065,0.0,51.0
58.22403613878832,0.0,51.0
58.13052894627238,0.0,51.0
58.13052894627238,0.0,51.0
57.56948579117673,4.0,51.0
57.56948579117673,0.0,51.0
57.662992983692675,0.0,51.0
57.662992983692675,0.0,51.0
57.89676096498253,0.0,51.0
57.56948579117673,0.0,51.0
57.52273219491879,0.0,51.0
57.38247140614487,0.0,51.0
57.70974657995065,0.0,51.0
58.17728254253035,0.0,51.0
57.943514561240505,0.0,51.0
57.3357178098869,3.0,51.0
57.943514561240505,0.0,51.0
57.56948579117673,0.0,51.0
57.99026815749846,0.0,51.0
57.70974657995065,0.0,51.0
57.47597859866082,0.0,51.0
57.80325377246659,0.0,51.0
57.38247140614487,0.0,51.0
57.47597859866082,0.0,51.0
57.56948579117673,0.0,51.0
57.6162393874347,0.0,51.0
57.14870342485503,1.0,51.0
57.195457021113,0.0,51.0
57.28896421362893,0.0,51.0
57.3357178098869,0.0,51.0
57.24221061737097,0.0,51.0
57.47597859866082,0.0,51.0
57.28896421362893,0.0,51.0
57.10194982859706,0.0,51.0
57.6162393874347,0.0,51.0
57.70974657995065,0.0,51.0
57.47597859866082,0.0,51.0
57.195457021113,0.0,51.0
57.195457021113,0.0,51.0
57.055196232339085,0.0,51.0
57.195457021113,0.0,51.0
57.52273219491879,0.0,51.0
57.008442636081114,1.0,51.0
56.8681818473072,0.0,51.0
57.38247140614487,0.0,51.0
57.055196232339085,0.0,51.0
56.681167462275326,0.0,51.0
56.91493544356517,0.0,51.0
56.96168903982314,0.0,51.0
56.82142825104924,0.0,51.0
56.40064588472751,1.0,51.0
56.82142825104924,0.0,51.0
56.634413866017354,0.0,51.0
56.8681818473072,0.0,51.0
56.44739948098548,0.0,51.0
56.58766026975938,0.0,51.0
56.49415307724345,0.0,51.0
56.40064588472751,0.0,51.0
55.88635632588985,2.0,51.0
56.35389228846954,0.0,51.0
56.54090667350141,0.0,51.0
56.58766026975938,0.0,51.0
56.16687790343765,0.0,51.0
56.12012430717968,0.0,51.0
56.07337071092172,0.0,51.0
56.44739948098548,0.0,51.0
55.93310992214782,1.0,51.0
55.88635632588985,0.0,51.0
56.12012430717968,0.0,51.0
56.35389228846954,0.0,51.0
55.69934194085798,2.0,51.0
55.74609553711595,0.0,51.0
55.74609553711595,0.0,51.0
56.21363149969562,0.0,51.0
55.83960272963188,0.0,51.0
55.32531317079422,1.0,51.0
56.12012430717968,0.0,51.0
55.60583474834203,0.0,51.0
55.652588344600005,0.0,51.0
56.02661711466375,0.0,51.0
55.74609553711595,0.0,51.0
55.32531317079422,0.0,51.0
55.652588344600005,0.0,51.0
55.652588344600005,0.0,51.0
55.0447915932464,1.0,51.0
55.60583474834203,0.0,51.0
55.55908115208406,0.0,51.0
55.1850523820203,0.0,51.0
55.46557395956812,0.0,51.0
54.99803799698843,0.0,51.0
55.1850523820203,0.0,51.0
55.278559574536246,0.0,51.0
55.09154518950436,0.0,51.0
55.13829878576233,0.0,51.0
55.51232755582609,0.0,51.0
54.76427001569857,3.0,51.0
55.13829878576233,0.0,51.0
55.13829878576233,0.0,51.0
54.7175164194406,0.0,51.0
54.81102361195654,0.0,51.0
54.99803799698843,0.0,51.0
54.95128440073046,0.0,51.0
54.62400922692467,0.0,51.0
54.4369948418928,0.0,51.0
54.4369948418928,0.0,51.0
54.95128440073046,0.0,51.0
54.390241245634826,2.0,51.0
54.7175164194406,0.0,51.0
54.20322686060295,1.0,51.0
54.7175164194406,0.0,51.0
54.2967340531189,0.0,51.0
54.10971966808701,0.0,51.0
54.5772556306667,0.0,51.0
54.4369948418928,0.0,51.0
54.016212475571066,0.0,51.0
54.016212475571066,0.0,51.0
54.15647326434498,0.0,51.0
54.016212475571066,0.0,51.0
53.68893730176528,0.0,51.0
53.875951686797166,0.0,51.0
53.92270528305514,0.0,51.0
53.92270528305514,0.0,51.0
53.54867651299138,1.0,51.0
53.78244449428122,0.0,51.0
54.390241245634826,0.0,51.0
54.20322686060295,0.0,51.0
53.73569089802325,0.0,51.0
53.68893730176528,0.0,51.0
53.64218370550731,0.0,51.0
53.54867651299138,0.0,51.0
54.016212475571066,0.0,51.0
53.969458879313095,0.0,51.0
53.64218370550731,0.0,51.0
53.78244449428122,0.0,51.0
53.40841572421746,0.0,51.0
53.0343869541537,1.0,51.0
53.17464774292762,0.0,51.0
53.31490853170152,0.0,51.0
53.829198090539194,0.0,51.0
53.17464774292762,3.0,51.0
53.081140550411675,0.0,51.0
53.26815493544355,0.0,51.0
52.987633357895746,0.0,51.0
53.501922916733406,0.0,51.0
52.987633357895746,2.0,51.0
53.26815493544355,0.0,51.0
52.940879761637774,0.0,51.0
52.847372569121845,0.0,51.0
53.081140550411675,0.0,51.0
52.52009739531604,4.0,51.0
53.31490853170152,0.0,51.0
52.426590202800114,6.0,51.0
52.987633357895746,0.0,51.0
52.80061897286387,0.0,51.0
53.0343869541537,0.0,51.0
53.0343869541537,0.0,51.0
52.33308301028417,5.0,51.0
52.566850991574015,0.0,51.0
52.473343799058085,0.0,51.0
52.192822221510255,1.0,51.0
52.37983660654214,0.0,51.0
52.52009739531604,0.0,51.0
52.37983660654214,0.0,51.0
52.613604587831986,0.0,51.0
52.940879761637774,0.0,51.0
52.80061897286387,0.0,51.0
52.89412616537982,0.0,51.0
52.33308301028417,3.0,51.0
52.52009739531604,0.0,51.0
52.7538653766059,0.0,51.0
52.23957581776823,2.0,51.0
52.473343799058085,0.0,51.0
52.052561432736354,2.0,51.0
52.1460686252523,0.0,51.0
52.23957581776823,0.0,51.0
52.33308301028417,0.0,51.0
51.86554704770447,3.0,51.0
52.192822221510255,0.0,51.0
51.49151827764072,6.0,51.0
51.444764681382765,1.0,51.0
52.099315028994326,0.0,51.0
52.1460686252523,0.0,51.0
52.192822221510255,0.0,51.0
51.678532662672595,4.0,51.0
51.30450389260885,4.0,51.0
51.95905424022041,0.0,51.0
51.678532662672595,1.0,51.0
51.772039855188524,0.0,51.0
51.25775029635088,5.0,51.0
51.11748950757696,2.0,51.0
51.30450389260885,0.0,51.0
51.49151827764072,0.0,51.0
51.49151827764072,0.0,51.0
51.725286258930566,0.0,51.0
50.97722871880306,8.0,51.0
51.58502547015665,0.0,51.0
51.11748950757696,5.0,51.0
51.02398231506103,2.0,51.0
51.30450389260885,0.0,51.0
51.07073591131899,3.0,51.0
51.210996700092906,0.0,51.0
51.58502547015665,0.0,51.0
51.58502547015665,0.0,51.0
51.538271873898694,0.0,51.0
51.07073591131899,5.0,51.0
51.49151827764072,0.0,51.0
50.93047512254509,6.0,51.0
51.164243103834934,0.0,51.0
51.11748950757696,1.0,51.0
50.46293915996539,9.0,51.0
51.35125748886682,0.0,51.0
51.07073591131899,4.0,51.0
51.07073591131899,1.0,51.0
50.88372152628712,3.0,51.0
51.210996700092906,0.0,51.0
50.88372152628712,5.0,51.0
50.696707141255246,4.0,51.0
50.83696793002915,1.0,51.0
50.416185563707415,8.0,51.0
50.696707141255246,0.0,51.0
50.55644635248133,5.0,51.0
50.08891038990163,10.0,51.0
50.46293915996539,1.0,51.0
50.50969275622336,4.0,51.0
50.275924774933515,7.0,51.0
50.46293915996539,3.0,51.0
50.7434607375132,1.0,51.0
50.790214333771175,3.0,51.0
50.042156793643656,13.0,51.0
50.32267837119147,3.0,51.0
50.042156793643656,9.0,51.0
50.55644635248133,1.0,51.0
49.99540319738571,13.0,51.0
50.1356639861596,6.0,51.0
50.369431967449444,4.0,51.0
49.808388812353826,14.0,51.0
49.90189600486977,8.0,51.0
50.042156793643656,7.0,51.0
49.66812802357991,14.0,51.0
50.08891038990163,5.0,51.0
49.48111363854804,17.0,51.0
49.761635216095854,8.0,51.0
49.90189600486977,9.0,51.0
49.90189600486977,11.0,51.0
49.90189600486977,11.0,51.0
49.71488161983788,14.0,51.0
50.1356639861596,7.0,51.0
49.66812802357991,17.0,51.0
49.52786723480601,15.0,51.0
49.808388812353826,11.0,51.0
50.08891038990163,10.0,51.0
